{"cameraMode":{"drawMode":0,"name":"Shaded","section":"Shading Mode"},"sceneLighting":false,"audioPlay":false,"sceneViewState":{"m_AlwaysRefresh":true,"showFog":true,"showSkybox":true,"showFlares":true,"showImageEffects":false,"showParticleSystems":true,"showVisualEffectGraphs":true,"m_FxEnabled":true},"in2DMode":false,"pivot":{"x":0.3926851749420166,"y":-4.172229766845703,"z":3.2031869888305666},"rotation":{"x":0.43223583698272707,"y":-0.11444628238677979,"z":0.055410418659448627,"w":0.8927483558654785},"size":6.979156494140625,"orthographic":false}